cellID,X,Y,Drought ET,ET Difference,Pre-Drought ET,Topographic Zone,Beaver?
1,393870,3974430,0,-0.385400057,0.385400057,hillslope,no
2,393900,3974430,0,-0.11498864,0.11498864,hillslope,no
3,393930,3974430,0,-0.050127253,0.050127253,hillslope,no
4,393960,3974430,0,0,0,hillslope,no
5,393990,3974430,0,0,0,hillslope,no
6,394020,3974430,0,0,0,hillslope,no
7,394050,3974430,0,0,0,hillslope,no
8,394080,3974430,0,-0.272111356,0.272111356,hillslope,no
9,394110,3974430,0,-0.33420825,0.33420825,hillslope,no
10,394140,3974430,0,-0.208152905,0.208152905,hillslope,no
11,394170,3974430,0,0,0,hillslope,no
12,394200,3974430,0,0,0,hillslope,no
13,394230,3974430,0,0,0,hillslope,no
14,394260,3974430,0,-0.073011436,0.073011436,hillslope,no
15,394290,3974430,0,-0.243491873,0.243491873,hillslope,no
16,394320,3974430,0,-0.683209717,0.683209717,hillslope,no
17,394350,3974430,0,-0.887249589,0.887249589,hillslope,no
18,394380,3974430,0,-0.966164351,0.966164351,hillslope,no
19,394410,3974430,0,-1.083489537,1.083489537,hillslope,no
20,394440,3974430,0,-1.375371814,1.375371814,hillslope,no
21,394470,3974430,0.129541889,-1.553456664,1.682998538,hillslope,no
22,394500,3974430,0.706447244,-1.472339273,2.178786516,hillslope,no
23,394530,3974430,1.308244348,-1.373517633,2.68176198,hillslope,no
24,394560,3974430,1.802737117,-1.161239982,2.963977099,hillslope,no
25,394590,3974430,2.016916752,-0.948580504,2.965497255,hillslope,no
26,394620,3974430,1.913906097,-1.071167469,2.985073566,hillslope,no
27,393870,3974460,0,-0.512471855,0.512471855,hillslope,no
28,393900,3974460,0,-0.339256108,0.339256108,hillslope,no
29,393930,3974460,0,-0.236689195,0.236689195,hillslope,no
30,393960,3974460,0,0,0,hillslope,no
31,393990,3974460,0,0,0,hillslope,no
32,394020,3974460,0,0,0,hillslope,no
33,394050,3974460,0,0,0,hillslope,no
34,394080,3974460,0,-0.14607352,0.14607352,hillslope,no
35,394110,3974460,0,-0.261365384,0.261365384,hillslope,no
36,394140,3974460,0,-0.288505137,0.288505137,hillslope,no
37,394170,3974460,0,-0.310851008,0.310851008,hillslope,no
38,394200,3974460,0,-0.280788451,0.280788451,hillslope,no
39,394230,3974460,0,-0.446065605,0.446065605,hillslope,no
40,394260,3974460,0,-0.556121171,0.556121171,hillslope,no
41,394290,3974460,0,-0.794780433,0.794780433,hillslope,no
42,394320,3974460,0,-0.909422278,0.909422278,hillslope,no
43,394350,3974460,0,-0.969373643,0.969373643,hillslope,no
44,394380,3974460,0,-0.929916143,0.929916143,hillslope,no
45,394410,3974460,0,-1.072490454,1.072490454,hillslope,no
46,394440,3974460,0,-1.139803529,1.139803529,hillslope,no
47,394470,3974460,0.10473454,-1.492735028,1.597469568,hillslope,no
48,394500,3974460,0.501808047,-1.470741034,1.972549081,hillslope,no
49,394530,3974460,1.011274219,-1.381030917,2.392305136,hillslope,no
50,394560,3974460,1.608350039,-1.089089871,2.697439909,hillslope,no
51,394590,3974460,1.855320573,-1.014094472,2.869415045,hillslope,no
52,394620,3974460,1.876533032,-1.071947575,2.948480606,hillslope,no
53,393870,3974490,0,-0.80740875,0.80740875,riparian,no
54,393900,3974490,0,-0.695840895,0.695840895,riparian,no
55,393930,3974490,0,-0.627735674,0.627735674,riparian,no
56,393960,3974490,0,-0.381127805,0.381127805,riparian,no
57,393990,3974490,0,-0.05845011,0.05845011,hillslope,no
58,394020,3974490,0,0,0,hillslope,no
59,394050,3974490,0,0,0,hillslope,no
60,394080,3974490,0,-0.232381403,0.232381403,hillslope,no
61,394110,3974490,0,-0.431199163,0.431199163,hillslope,no
62,394140,3974490,0,-0.556133986,0.556133986,riparian,no
63,394170,3974490,0,-0.667131901,0.667131901,hillslope,no
64,394200,3974490,0,-0.783895552,0.783895552,hillslope,no
65,394230,3974490,0,-0.945059717,0.945059717,hillslope,no
66,394260,3974490,0,-1.086481333,1.086481333,hillslope,no
67,394290,3974490,0,-1.169705987,1.169705987,hillslope,no
68,394320,3974490,0,-1.169922352,1.169922352,hillslope,no
69,394350,3974490,0,-1.199546576,1.199546576,hillslope,no
70,394380,3974490,0,-1.150961161,1.150961161,hillslope,no
71,394410,3974490,0.035952572,-1.130467415,1.166419983,hillslope,no
72,394440,3974490,0.007852723,-1.271889806,1.279742479,hillslope,no
73,394470,3974490,0.180777773,-1.306787729,1.487565517,hillslope,no
74,394500,3974490,0.305562943,-1.384523869,1.690086842,hillslope,no
75,394530,3974490,0.491424054,-1.450261831,1.941685915,hillslope,no
76,394560,3974490,1.061681867,-1.190536141,2.252218008,hillslope,no
77,394590,3974490,1.502354026,-1.072430968,2.574784994,hillslope,no
78,394620,3974490,1.937579751,-1.02462256,2.962202311,hillslope,no
79,393870,3974520,0,-0.953267634,0.953267634,riparian,no
80,393900,3974520,0,-1.162575245,1.162575245,riparian,no
81,393930,3974520,0,-0.897785544,0.897785544,riparian,no
82,393960,3974520,0,-0.887599349,0.887599349,riparian,no
83,393990,3974520,0,-0.460368753,0.460368753,riparian,no
84,394020,3974520,0,-0.150730923,0.150730923,riparian,no
85,394050,3974520,0,-0.075559616,0.075559616,riparian,no
86,394080,3974520,0,-0.523628533,0.523628533,riparian,no
87,394110,3974520,0.043711782,-0.898090184,0.941801965,riparian,no
88,394140,3974520,0.170153096,-0.982272565,1.152425647,riparian,no
89,394170,3974520,0.442573279,-0.868716836,1.311290145,riparian,no
90,394200,3974520,0.526239872,-0.932658076,1.458897948,riparian,no
91,394230,3974520,0.695621491,-0.981006384,1.676627874,riparian,no
92,394260,3974520,0.675034046,-0.969505549,1.644539595,riparian,no
93,394290,3974520,0.789758921,-0.865561128,1.655320048,hillslope,no
94,394320,3974520,0.877755821,-0.765700281,1.643456101,hillslope,no
95,394350,3974520,0.962540746,-0.639711142,1.602251887,hillslope,no
96,394380,3974520,0.94624126,-0.724089623,1.670330882,hillslope,no
97,394410,3974520,0.866595328,-0.892739713,1.759335041,hillslope,no
98,394440,3974520,0.740506232,-1.017246723,1.757752895,hillslope,no
99,394470,3974520,0.428551018,-1.192899227,1.621450305,hillslope,no
100,394500,3974520,0.438878655,-1.33787632,1.776754975,hillslope,no
101,394530,3974520,0.451706231,-1.451469421,1.903175592,hillslope,no
102,394560,3974520,0.65579176,-1.306215048,1.962006807,hillslope,no
103,394590,3974520,1.19516027,-1.142247558,2.337407827,hillslope,no
104,394620,3974520,1.757290125,-1.059648037,2.816938162,hillslope,no
105,393870,3974550,0,-1.284019113,1.284019113,riparian,no
106,393900,3974550,0,-1.399253964,1.399253964,riparian,no
107,393930,3974550,0,-1.215041995,1.215041995,riparian,no
108,393960,3974550,0.015597535,-1.246242642,1.261840224,riparian,no
109,393990,3974550,0,-1.009937882,1.009937882,riparian,no
110,394020,3974550,0.173143253,-1.041482687,1.214625955,riparian,no
111,394050,3974550,0.736244381,-0.850409091,1.586653471,riparian,no
112,394080,3974550,0.879629791,-0.897244036,1.776873827,riparian,no
113,394110,3974550,0.642171204,-1.085528374,1.727699518,riparian,no
114,394140,3974550,0.803608418,-1.093431711,1.897040129,riparian,no
115,394170,3974550,2.349234819,-0.569713593,2.918948412,riparian,no
116,394200,3974550,2.539842844,-0.509094954,3.048937798,riparian,no
117,394230,3974550,2.258526564,-0.482008219,2.740534782,riparian,no
118,394260,3974550,1.786642194,-0.502057672,2.288699865,riparian,no
119,394290,3974550,1.981091738,-0.263819218,2.244910955,riparian,yes
120,394320,3974550,2.236859798,-0.210705519,2.447565317,riparian,yes
121,394350,3974550,2.333761931,-0.300777197,2.634539127,riparian,yes
122,394380,3974550,2.253924847,-0.47305584,2.726980686,riparian,no
123,394410,3974550,1.893283844,-0.545232296,2.43851614,riparian,no
124,394440,3974550,1.576851606,-0.830560684,2.407412291,hillslope,no
125,394470,3974550,0.971507728,-1.107040167,2.078547955,hillslope,no
126,394500,3974550,0.61258626,-1.301470041,1.914056301,hillslope,no
127,394530,3974550,0.544212699,-1.391339779,1.935552478,hillslope,no
128,394560,3974550,0.316986263,-1.368363142,1.685349464,hillslope,no
129,394590,3974550,0.80551213,-1.206810474,2.012322664,hillslope,no
130,394620,3974550,1.492032647,-0.994052053,2.4860847,hillslope,no
131,393870,3974580,0.636995971,-1.445329189,2.08232522,riparian,no
132,393900,3974580,0.622659683,-1.406261683,2.028921366,riparian,no
133,393930,3974580,0.785483718,-1.338611484,2.124095202,riparian,no
134,393960,3974580,1.035104632,-1.194248319,2.229352951,riparian,no
135,393990,3974580,1.214138866,-1.0244385,2.238577366,riparian,no
136,394020,3974580,1.50831008,-0.884414673,2.392724752,riparian,no
137,394050,3974580,2.549309492,-0.534785748,3.08409524,riparian,no
138,394080,3974580,2.481249332,-0.689868212,3.171117544,riparian,no
139,394110,3974580,2.555144072,-0.688288689,3.24343276,riparian,no
140,394140,3974580,2.405767679,-0.715787411,3.12155509,riparian,no
141,394170,3974580,3.335220814,-0.14216423,3.477385044,riparian,no
142,394200,3974580,3.401329517,-0.009075642,3.410405159,riparian,no
143,394230,3974580,3.925224066,0.192888975,3.732335091,riparian,yes
144,394260,3974580,3.232412338,-0.042288303,3.274700642,riparian,yes
145,394290,3974580,3.257457256,-0.129125118,3.386582375,riparian,yes
146,394320,3974580,4.025555134,-0.1236763,4.149231434,riparian,yes
147,394350,3974580,4.130744934,-0.565611363,4.696356297,riparian,yes
148,394380,3974580,4.147145271,-0.603403568,4.75054884,riparian,yes
149,394410,3974580,3.264028549,-0.695358038,3.959386587,riparian,yes
150,394440,3974580,2.398957729,-0.817515612,3.216473341,hillslope,yes
151,394470,3974580,1.917421579,-0.840176821,2.7575984,hillslope,no
152,394500,3974580,1.179844499,-1.121554971,2.301399469,hillslope,no
153,394530,3974580,0.78090632,-1.30301702,2.08392334,hillslope,no
154,394560,3974580,0.468817294,-1.228901625,1.697718978,hillslope,no
155,394590,3974580,0.9818452,-0.87421757,1.85606277,hillslope,no
156,394620,3974580,1.659742832,-0.849987984,2.509730816,hillslope,no
157,393870,3974610,1.990669012,-0.893560171,2.884229183,riparian,no
158,393900,3974610,1.239714146,-1.157821655,2.397535801,riparian,no
159,393930,3974610,1.388942361,-1.194780707,2.583723068,riparian,no
160,393960,3974610,1.897853375,-1.027985096,2.925838471,riparian,no
161,393990,3974610,1.490205765,-1.150854349,2.641060114,riparian,no
162,394020,3974610,1.251322031,-1.168549776,2.419871807,riparian,no
163,394050,3974610,1.876642466,-0.888479471,2.765121937,riparian,no
164,394080,3974610,2.250593662,-0.73234272,2.982936382,riparian,no
165,394110,3974610,2.282639265,-0.671682119,2.954321384,riparian,no
166,394140,3974610,2.702397585,-0.311574936,3.013972521,riparian,no
167,394170,3974610,2.877524614,-0.047609091,2.925133705,riparian,no
168,394200,3974610,2.48863864,-0.055752993,2.544391632,riparian,no
169,394230,3974610,3.068581104,0.149519444,2.919061661,riparian,no
170,394260,3974610,4.308129311,0.276936531,4.03119278,riparian,yes
171,394290,3974610,4.575090408,-0.085383892,4.6604743,riparian,yes
172,394320,3974610,4.905201912,-0.307961941,5.213163853,riparian,yes
173,394350,3974610,4.92679596,-0.663357735,5.590153694,riparian,yes
174,394380,3974610,4.851963043,-0.820049286,5.672012329,riparian,yes
175,394410,3974610,4.689633846,-0.710276604,5.39991045,riparian,yes
176,394440,3974610,4.354752064,-0.601846218,4.956598282,riparian,yes
177,394470,3974610,3.364149809,-0.539379358,3.903529167,riparian,yes
178,394500,3974610,1.985680342,-0.91093564,2.896615982,hillslope,no
179,394530,3974610,1.34799242,-1.155538797,2.503531218,hillslope,no
180,394560,3974610,0.900167942,-1.09046495,1.990632892,hillslope,no
181,394590,3974610,1.009126067,-0.861648083,1.87077415,hillslope,no
182,394620,3974610,1.691542387,-0.808163643,2.49970603,hillslope,no
183,393870,3974640,0.759921491,-1.372135401,2.132056952,riparian,no
184,393900,3974640,0.270436615,-1.454829812,1.725266457,riparian,no
185,393930,3974640,0.082472079,-1.447979808,1.530451894,riparian,no
186,393960,3974640,1.143094659,-1.315906167,2.459000826,riparian,no
187,393990,3974640,0.559369504,-1.404279232,1.963648677,riparian,no
188,394020,3974640,0.139896423,-1.345782518,1.485678911,riparian,no
189,394050,3974640,0,-0.957134545,0.957134545,riparian,no
190,394080,3974640,0.665316045,-0.84544605,1.510762096,riparian,no
191,394110,3974640,0.761259854,-0.59142524,1.352685094,riparian,no
192,394140,3974640,0.899058223,-0.253689766,1.152747989,riparian,no
193,394170,3974640,1.596225381,-0.31139195,1.907617331,riparian,no
194,394200,3974640,2.156502724,-0.191877127,2.34837985,riparian,no
195,394230,3974640,2.133173943,-0.210735798,2.34390974,riparian,no
196,394260,3974640,3.3200593,-0.086225748,3.406285048,riparian,no
197,394290,3974640,4.459004402,-0.143438339,4.602442741,riparian,yes
198,394320,3974640,4.719595432,-0.263510704,4.983106136,riparian,yes
199,394350,3974640,5.326728821,-0.36245203,5.689180851,riparian,yes
200,394380,3974640,5.673274994,-0.392458916,6.06573391,riparian,yes
201,394410,3974640,5.576155663,-0.337488174,5.913643837,riparian,yes
202,394440,3974640,5.368345261,-0.317946434,5.686291695,riparian,yes
203,394470,3974640,4.770851135,-0.314050674,5.08490181,riparian,yes
204,394500,3974640,3.167779446,-0.649040461,3.816819906,riparian,no
205,394530,3974640,1.782465935,-0.973363161,2.755829096,hillslope,no
206,394560,3974640,1.049125552,-0.988658071,2.037783623,hillslope,no
207,394590,3974640,1.293927908,-0.760549069,2.054476976,hillslope,no
208,394620,3974640,1.654090524,-0.820953727,2.475044251,hillslope,no
209,393870,3974670,0.096946426,-1.505757451,1.602703929,hillslope,no
210,393900,3974670,0.205818683,-1.508781076,1.714599729,hillslope,no
211,393930,3974670,0,-1.072310805,1.072310805,hillslope,no
212,393960,3974670,0.279191285,-1.316431284,1.59562254,riparian,no
213,393990,3974670,0,-1.141223908,1.141223908,riparian,no
214,394020,3974670,0,-0.65667671,0.65667671,hillslope,no
215,394050,3974670,0,-0.019789003,0.019789003,hillslope,no
216,394080,3974670,0,-0.081935197,0.081935197,hillslope,no
217,394110,3974670,0,0,0,hillslope,no
218,394140,3974670,0,0,0,hillslope,no
219,394170,3974670,0,-0.295018345,0.295018345,riparian,no
220,394200,3974670,1.542809963,-0.439336419,1.982146382,riparian,no
221,394230,3974670,1.99271977,-0.449145198,2.441864967,riparian,no
222,394260,3974670,2.597060919,-0.409070492,3.006131411,riparian,no
223,394290,3974670,4.315540791,-0.144980431,4.460521221,riparian,yes
224,394320,3974670,5.077549934,-0.108294964,5.185844898,riparian,yes
225,394350,3974670,5.765859604,0.059057713,5.706801891,riparian,yes
226,394380,3974670,5.802819729,0.025486946,5.777332783,riparian,yes
227,394410,3974670,5.680882454,0.097528458,5.583353996,riparian,yes
228,394440,3974670,5.866474628,0.029780865,5.836693764,riparian,yes
229,394470,3974670,5.688074112,-0.081369877,5.769443989,riparian,yes
230,394500,3974670,4.502772808,-0.575286865,5.078059673,riparian,yes
231,394530,3974670,2.418045759,-0.816750288,3.234796047,hillslope,no
232,394560,3974670,1.611963749,-0.880969286,2.492933035,hillslope,no
233,394590,3974670,1.686662197,-0.657938004,2.344600201,hillslope,no
234,394620,3974670,1.643400073,-0.776016355,2.419416428,hillslope,no
235,393870,3974700,0.143817246,-1.565218926,1.709036231,hillslope,no
236,393900,3974700,0.126617312,-1.667410255,1.794027567,hillslope,no
237,393930,3974700,0,-1.226446033,1.226446033,hillslope,no
238,393960,3974700,0,-1.11216104,1.11216104,hillslope,no
239,393990,3974700,0,-0.981990039,0.981990039,hillslope,no
240,394020,3974700,0,-0.468006432,0.468006432,hillslope,no
241,394050,3974700,0,0,0,hillslope,no
242,394080,3974700,0,0,0,hillslope,no
243,394110,3974700,0,0,0,hillslope,no
244,394140,3974700,0,0,0,hillslope,no
245,394170,3974700,0,0,0,hillslope,no
246,394200,3974700,0,-0.52786243,0.52786243,riparian,no
247,394230,3974700,0.805147111,-0.682518423,1.487665534,riparian,no
248,394260,3974700,2.334210634,-0.341681957,2.675892592,riparian,no
249,394290,3974700,3.525628805,0.088121176,3.437507629,riparian,yes
250,394320,3974700,3.82775116,-0.050921679,3.878672838,riparian,yes
251,394350,3974700,4.681669235,-0.077900887,4.759570122,riparian,yes
252,394380,3974700,4.737338543,0.072401047,4.664937496,riparian,yes
253,394410,3974700,4.96228838,0.183879852,4.778408527,riparian,yes
254,394440,3974700,5.661554813,0.043099403,5.61845541,riparian,yes
255,394470,3974700,6.139705658,0.091948509,6.047757149,riparian,yes
256,394500,3974700,5.350571156,-0.336928368,5.687499523,riparian,yes
257,394530,3974700,4.104615212,-0.25424099,4.358856201,riparian,no
258,394560,3974700,2.23271656,-0.664761066,2.897477627,hillslope,no
259,394590,3974700,1.801008225,-0.54082489,2.341833115,hillslope,no
260,394620,3974700,1.548483253,-0.729487777,2.277971029,hillslope,no
261,393870,3974730,0,-0.927600384,0.927600384,hillslope,no
262,393900,3974730,0,-1.472860694,1.472860694,hillslope,no
263,393930,3974730,0,-1.185122132,1.185122132,hillslope,no
264,393960,3974730,0,-0.754859388,0.754859388,hillslope,no
265,393990,3974730,0,-0.445557684,0.445557684,hillslope,no
266,394020,3974730,0,-0.378765732,0.378765732,hillslope,no
267,394050,3974730,0,0,0,hillslope,no
268,394080,3974730,0,0,0,hillslope,no
269,394110,3974730,0,0,0,hillslope,no
270,394140,3974730,0,0,0,hillslope,no
271,394170,3974730,0,0,0,hillslope,no
272,394200,3974730,0,0,0,hillslope,no
273,394230,3974730,0,-0.037407067,0.037407067,riparian,no
274,394260,3974730,0.684806824,-0.517697096,1.20250392,riparian,no
275,394290,3974730,2.314462185,0.039232969,2.275229216,riparian,yes
276,394320,3974730,2.899255753,0.255579948,2.643675804,riparian,yes
277,394350,3974730,2.688776732,-0.148172617,2.836949348,riparian,yes
278,394380,3974730,3.63177371,0.046505928,3.585267782,riparian,yes
279,394410,3974730,4.468338966,-0.030154705,4.498493671,riparian,yes
280,394440,3974730,5.68287468,0.051744461,5.631130219,riparian,yes
281,394470,3974730,6.007332802,-0.04442215,6.051754952,riparian,yes
282,394500,3974730,10.52106667,3.90416956,6.616897106,riparian,yes
283,394530,3974730,4.752563477,-0.123933315,4.876496792,riparian,yes
284,394560,3974730,2.927730322,-0.393040419,3.320770741,riparian,no
285,394590,3974730,2.574988365,-0.02057004,2.595558405,hillslope,no
286,394620,3974730,1.728993654,-0.659355402,2.388349056,hillslope,no
287,393870,3974760,0,-0.548317611,0.548317611,hillslope,no
288,393900,3974760,0,-1.341686606,1.341686606,hillslope,no
289,393930,3974760,0,-0.859232962,0.859232962,hillslope,no
290,393960,3974760,0,-0.782994866,0.782994866,hillslope,no
291,393990,3974760,0,-0.413430303,0.413430303,hillslope,no
292,394020,3974760,0,-0.074109964,0.074109964,hillslope,no
293,394050,3974760,0,0,0,hillslope,no
294,394080,3974760,0,0,0,hillslope,no
295,394110,3974760,0,0,0,hillslope,no
296,394140,3974760,0,0,0,hillslope,no
297,394170,3974760,0,0,0,hillslope,no
298,394200,3974760,0,0,0,hillslope,no
299,394230,3974760,0,0,0,hillslope,no
300,394260,3974760,0,0,0,riparian,no
301,394290,3974760,0.371525317,-0.563936353,0.93546164,riparian,no
302,394320,3974760,1.804533362,-0.161463857,1.965997219,riparian,yes
303,394350,3974760,2.519209147,-0.305717707,2.824926853,riparian,yes
304,394380,3974760,2.856184006,-0.30447197,3.160655975,riparian,yes
305,394410,3974760,4.224709034,-0.372189522,4.596898556,riparian,yes
306,394440,3974760,5.535830975,-0.048723698,5.584554672,riparian,yes
307,394470,3974760,10.57693481,4.310288429,6.266646385,riparian,yes
308,394500,3974760,11.09767914,4.86501503,6.232664108,riparian,yes
309,394530,3974760,10.65858746,5.067781925,5.590805531,riparian,yes
310,394560,3974760,4.851442337,0.674436569,4.177005768,riparian,yes
311,394590,3974760,2.801927805,-0.188858986,2.990786791,riparian,no
312,394620,3974760,2.453711271,-0.124161959,2.57787323,riparian,no
313,393870,3974790,0,-0.290093839,0.290093839,hillslope,no
314,393900,3974790,0,-1.175603509,1.175603509,hillslope,no
315,393930,3974790,0,-0.840369344,0.840369344,hillslope,no
316,393960,3974790,0,-0.591109216,0.591109216,hillslope,no
317,393990,3974790,0,-0.200743735,0.200743735,hillslope,no
318,394020,3974790,0,-0.017003954,0.017003954,hillslope,no
319,394050,3974790,0,-0.051584929,0.051584929,hillslope,no
320,394080,3974790,0,0,0,hillslope,no
321,394110,3974790,0,0,0,hillslope,no
322,394140,3974790,0,0,0,hillslope,no
323,394170,3974790,0,0,0,hillslope,no
324,394200,3974790,0,0,0,hillslope,no
325,394230,3974790,0,0,0,hillslope,no
326,394260,3974790,0,0,0,riparian,no
327,394290,3974790,0,-0.222949922,0.222949922,riparian,no
328,394320,3974790,0.601894319,-0.699706852,1.301601172,riparian,yes
329,394350,3974790,2.169255257,-0.485616922,2.654872179,riparian,yes
330,394380,3974790,2.38707161,-0.491553307,2.878624916,riparian,yes
331,394410,3974790,4.475484848,-0.241033554,4.716518402,riparian,yes
332,394440,3974790,5.255451679,-0.123250008,5.378701687,riparian,yes
333,394470,3974790,10.76616955,4.978210926,5.787958622,riparian,yes
334,394500,3974790,5.399430752,0.314484119,5.084946632,riparian,yes
335,394530,3974790,5.281686306,0.178028584,5.103657723,riparian,yes
336,394560,3974790,8.999204636,4.371652603,4.627552033,riparian,yes
337,394590,3974790,4.226985931,0.751532316,3.475453615,riparian,yes
338,394620,3974790,2.461684704,-0.238754988,2.700439692,riparian,yes
339,393870,3974820,0,-0.093623407,0.093623407,hillslope,no
340,393900,3974820,0,-0.255899072,0.255899072,hillslope,no
341,393930,3974820,0,-0.337761581,0.337761581,hillslope,no
342,393960,3974820,0,-0.290502071,0.290502071,hillslope,no
343,393990,3974820,0,-0.125972241,0.125972241,hillslope,no
344,394020,3974820,0,0,0,hillslope,no
345,394050,3974820,0,0,0,hillslope,no
346,394080,3974820,0,0,0,hillslope,no
347,394110,3974820,0,0,0,hillslope,no
348,394140,3974820,0,0,0,hillslope,no
349,394170,3974820,0,0,0,hillslope,no
350,394200,3974820,0,0,0,hillslope,no
351,394230,3974820,0,0,0,hillslope,no
352,394260,3974820,0,0,0,riparian,no
353,394290,3974820,0,0,0,riparian,no
354,394320,3974820,0,-0.74374336,0.74374336,riparian,yes
355,394350,3974820,1.896042466,-0.358491778,2.254534245,riparian,yes
356,394380,3974820,2.035865307,-0.600459576,2.636324883,riparian,yes
357,394410,3974820,4.050633431,-0.201242447,4.251875877,riparian,yes
358,394440,3974820,5.097306252,-0.093087673,5.190393925,riparian,yes
359,394470,3974820,5.224885464,0.109856129,5.115029335,riparian,yes
360,394500,3974820,11.4234314,5.96016407,5.463267326,riparian,yes
361,394530,3974820,11.54946232,6.010533333,5.538928986,riparian,yes
362,394560,3974820,10.26247501,5.402753353,4.859721661,riparian,yes
363,394590,3974820,6.950692177,2.906126022,4.044566155,riparian,yes
364,394620,3974820,3.118832827,-0.115089178,3.233922005,riparian,yes
365,393870,3974850,0,0,0,hillslope,no
366,393900,3974850,0,0,0,hillslope,no
367,393930,3974850,0,0,0,hillslope,no
368,393960,3974850,0,0,0,hillslope,no
369,393990,3974850,0,-0.207946688,0.207946688,hillslope,no
370,394020,3974850,0,-0.051077075,0.051077075,hillslope,no
371,394050,3974850,0,0,0,hillslope,no
372,394080,3974850,0,0,0,hillslope,no
373,394110,3974850,0,0,0,hillslope,no
374,394140,3974850,0,0,0,hillslope,no
375,394170,3974850,0,0,0,hillslope,no
376,394200,3974850,0,0,0,hillslope,no
377,394230,3974850,0,0,0,hillslope,no
378,394260,3974850,0,0,0,hillslope,no
379,394290,3974850,0,0,0,riparian,no
380,394320,3974850,0,-0.154838607,0.154838607,riparian,no
381,394350,3974850,0.533540845,-0.725509048,1.259049892,riparian,no
382,394380,3974850,1.561360836,-0.601297379,2.162658215,riparian,yes
383,394410,3974850,2.788659811,-0.293000937,3.081660748,riparian,yes
384,394440,3974850,4.18436718,0.253459215,3.930907965,riparian,yes
385,394470,3974850,4.846663475,0.461336136,4.385327339,riparian,yes
386,394500,3974850,5.190675736,0.543788433,4.646887302,riparian,yes
387,394530,3974850,10.70875835,5.563235283,5.145523071,riparian,yes
388,394560,3974850,10.97169304,5.910562515,5.061130524,riparian,yes
389,394590,3974850,9.863310814,5.03237772,4.830933094,riparian,yes
390,394620,3974850,4.496509075,0.680359364,3.816149712,riparian,yes
391,393870,3974880,0,0,0,hillslope,no
392,393900,3974880,0,0,0,hillslope,no
393,393930,3974880,0,0,0,hillslope,no
394,393960,3974880,0,0,0,hillslope,no
395,393990,3974880,0,-0.229476661,0.229476661,hillslope,no
396,394020,3974880,0,-0.099322856,0.099322856,hillslope,no
397,394050,3974880,0,0,0,hillslope,no
398,394080,3974880,0,0,0,hillslope,no
399,394110,3974880,0,0,0,hillslope,no
400,394140,3974880,0,0,0,hillslope,no
401,394170,3974880,0,0,0,hillslope,no
402,394200,3974880,0,0,0,hillslope,no
403,394230,3974880,0,0,0,hillslope,no
404,394260,3974880,0,0,0,hillslope,no
405,394290,3974880,0,0,0,riparian,no
406,394320,3974880,0,0,0,riparian,no
407,394350,3974880,0,-0.801498175,0.801498175,riparian,no
408,394380,3974880,0.910873473,-0.676931918,1.58780539,riparian,no
409,394410,3974880,1.641792774,-0.4769485,2.118741274,riparian,no
410,394440,3974880,2.347929239,-0.179282188,2.527211428,riparian,no
411,394470,3974880,3.301135778,0.24911356,3.052022219,riparian,yes
412,394500,3974880,3.534204722,0.188898325,3.345306397,riparian,yes
413,394530,3974880,5.787375927,1.92727232,3.860103607,riparian,yes
414,394560,3974880,8.728802681,4.387025356,4.341777325,riparian,yes
415,394590,3974880,4.740373612,0.216569424,4.523804188,riparian,yes
416,394620,3974880,9.285574913,4.113381863,5.17219305,riparian,yes
417,393870,3974910,0,0,0,hillslope,no
418,393900,3974910,0,0,0,hillslope,no
419,393930,3974910,0,0,0,hillslope,no
420,393960,3974910,0,0,0,hillslope,no
421,393990,3974910,0,-0.12267863,0.12267863,hillslope,no
422,394020,3974910,0,-0.115925834,0.115925834,hillslope,no
423,394050,3974910,0,0,0,hillslope,no
424,394080,3974910,0,0,0,hillslope,no
425,394110,3974910,0,0,0,hillslope,no
426,394140,3974910,0,0,0,hillslope,no
427,394170,3974910,0,0,0,hillslope,no
428,394200,3974910,0,0,0,hillslope,no
429,394230,3974910,0,0,0,hillslope,no
430,394260,3974910,0,0,0,hillslope,no
431,394290,3974910,0,0,0,hillslope,no
432,394320,3974910,0,0,0,riparian,no
433,394350,3974910,0,-0.347854406,0.347854406,riparian,no
434,394380,3974910,0.310390532,-0.795452416,1.105842948,riparian,no
435,394410,3974910,1.06536758,-0.637631774,1.702999353,riparian,no
436,394440,3974910,1.411694288,-0.478192925,1.889887214,riparian,no
437,394470,3974910,1.85264504,-0.302699685,2.155344725,riparian,yes
438,394500,3974910,2.363442183,-0.224289179,2.587731361,riparian,yes
439,394530,3974910,2.750411511,-0.198339462,2.948750973,riparian,yes
440,394560,3974910,2.823466301,-0.110467911,2.933934212,riparian,yes
441,394590,3974910,2.952057123,-0.18658948,3.138646603,riparian,yes
442,394620,3974910,3.952100277,0.110446692,3.841653585,riparian,yes
443,393870,3974940,0,0,0,hillslope,no
444,393900,3974940,0,0,0,hillslope,no
445,393930,3974940,0,0,0,hillslope,no
446,393960,3974940,0,0,0,hillslope,no
447,393990,3974940,0,0,0,hillslope,no
448,394020,3974940,0,-0.196589842,0.196589842,hillslope,no
449,394050,3974940,0,0,0,hillslope,no
450,394080,3974940,0,0,0,hillslope,no
451,394110,3974940,0,0,0,hillslope,no
452,394140,3974940,0,0,0,hillslope,no
453,394170,3974940,0,0,0,hillslope,no
454,394200,3974940,0,0,0,hillslope,no
455,394230,3974940,0,0,0,hillslope,no
456,394260,3974940,0,0,0,hillslope,no
457,394290,3974940,0,0,0,hillslope,no
458,394320,3974940,0,0,0,hillslope,no
459,394350,3974940,0,0,0,riparian,no
460,394380,3974940,0,-0.549917817,0.549917817,riparian,no
461,394410,3974940,0.255866528,-0.957447767,1.213314295,riparian,no
462,394440,3974940,0.547803879,-0.869741201,1.41754508,riparian,no
463,394470,3974940,0.839601994,-0.784728408,1.624330401,riparian,no
464,394500,3974940,1.192469955,-0.677923322,1.870393276,riparian,no
465,394530,3974940,1.841573,-0.580061913,2.421634913,riparian,no
466,394560,3974940,2.237579584,-0.338067055,2.575646639,riparian,yes
467,394590,3974940,2.412388563,-0.190154553,2.602543116,riparian,yes
468,394620,3974940,3.464073181,0.218422413,3.245650768,riparian,yes
469,393870,3974970,0,0,0,hillslope,no
470,393900,3974970,0,0,0,hillslope,no
471,393930,3974970,0,0,0,hillslope,no
472,393960,3974970,0,0,0,hillslope,no
473,393990,3974970,0,0,0,hillslope,no
474,394020,3974970,0,0,0,hillslope,no
475,394050,3974970,0,0,0,hillslope,no
476,394080,3974970,0,0,0,hillslope,no
477,394110,3974970,0,0,0,hillslope,no
478,394140,3974970,0,0,0,hillslope,no
479,394170,3974970,0,0,0,hillslope,no
480,394200,3974970,0,0,0,hillslope,no
481,394230,3974970,0,0,0,hillslope,no
482,394260,3974970,0,0,0,hillslope,no
483,394290,3974970,0,0,0,hillslope,no
484,394320,3974970,0,0,0,hillslope,no
485,394350,3974970,0,0,0,hillslope,no
486,394380,3974970,0,-0.276539773,0.276539773,riparian,no
487,394410,3974970,0,-0.731548011,0.731548011,riparian,no
488,394440,3974970,0,-0.970522761,0.970522761,riparian,no
489,394470,3974970,0.198390827,-1.047752857,1.246143699,riparian,no
490,394500,3974970,0.666109622,-0.934838235,1.600947857,riparian,no
491,394530,3974970,1.162725568,-0.758440614,1.921166182,riparian,no
492,394560,3974970,1.769750953,-0.479264855,2.249015808,riparian,no
493,394590,3974970,1.718168378,-0.199349761,1.917518139,riparian,yes
494,394620,3974970,2.379193783,-0.10786128,2.487055063,riparian,yes
495,393870,3975000,0,0,0,hillslope,no
496,393900,3975000,0,0,0,hillslope,no
497,393930,3975000,0,0,0,hillslope,no
498,393960,3975000,0,0,0,hillslope,no
499,393990,3975000,0,0,0,hillslope,no
500,394020,3975000,0,0,0,hillslope,no
501,394050,3975000,0,0,0,hillslope,no
502,394080,3975000,0,0,0,hillslope,no
503,394110,3975000,0,0,0,hillslope,no
504,394140,3975000,0,0,0,hillslope,no
505,394170,3975000,0,0,0,hillslope,no
506,394200,3975000,0,0,0,hillslope,no
507,394230,3975000,0,0,0,hillslope,no
508,394260,3975000,0,0,0,hillslope,no
509,394290,3975000,0,0,0,hillslope,no
510,394320,3975000,0,0,0,hillslope,no
511,394350,3975000,0,0,0,hillslope,no
512,394380,3975000,0,-0.119634688,0.119634688,hillslope,no
513,394410,3975000,0,-0.180795729,0.180795729,riparian,no
514,394440,3975000,0,-0.532685816,0.532685816,riparian,no
515,394470,3975000,0,-0.878154218,0.878154218,riparian,no
516,394500,3975000,0.133044913,-1.085165858,1.218210816,riparian,no
517,394530,3975000,0.605715811,-0.899585903,1.505301714,riparian,no
518,394560,3975000,1.021323562,-0.701427817,1.722751379,riparian,no
519,394590,3975000,1.407253504,-0.466627479,1.873880982,riparian,no
520,394620,3975000,1.719712973,-0.213603377,1.93331635,riparian,no
521,393870,3975030,0,0,0,hillslope,no
522,393900,3975030,0,0,0,hillslope,no
523,393930,3975030,0,0,0,hillslope,no
524,393960,3975030,0,0,0,hillslope,no
525,393990,3975030,0,0,0,hillslope,no
526,394020,3975030,0,0,0,hillslope,no
527,394050,3975030,0,0,0,hillslope,no
528,394080,3975030,0,0,0,hillslope,no
529,394110,3975030,0,0,0,hillslope,no
530,394140,3975030,0,0,0,hillslope,no
531,394170,3975030,0,0,0,hillslope,no
532,394200,3975030,0,0,0,hillslope,no
533,394230,3975030,0,0,0,hillslope,no
534,394260,3975030,0,0,0,hillslope,no
535,394290,3975030,0,0,0,hillslope,no
536,394320,3975030,0,0,0,hillslope,no
537,394350,3975030,0,0,0,hillslope,no
538,394380,3975030,0,-0.20240669,0.20240669,hillslope,no
539,394410,3975030,0,-0.012044806,0.012044806,hillslope,no
540,394440,3975030,0,-0.100923315,0.100923315,hillslope,no
541,394470,3975030,0,-0.386411637,0.386411637,riparian,no
542,394500,3975030,0,-0.808469117,0.808469117,riparian,no
543,394530,3975030,0.044197384,-1.118723989,1.162921429,riparian,no
544,394560,3975030,0.220102787,-0.951536894,1.171639681,riparian,no
545,394590,3975030,1.167285681,-0.653587341,1.820873022,riparian,no
546,394620,3975030,1.730537653,-0.368044853,2.098582506,riparian,no
547,393870,3975060,0,0,0,hillslope,no
548,393900,3975060,0,0,0,hillslope,no
549,393930,3975060,0,0,0,hillslope,no
550,393960,3975060,0,0,0,hillslope,no
551,393990,3975060,0,0,0,hillslope,no
552,394020,3975060,0,0,0,hillslope,no
553,394050,3975060,0,0,0,hillslope,no
554,394080,3975060,0,0,0,hillslope,no
555,394110,3975060,0,0,0,hillslope,no
556,394140,3975060,0,0,0,hillslope,no
557,394170,3975060,0,0,0,hillslope,no
558,394200,3975060,0,0,0,hillslope,no
559,394230,3975060,0,0,0,hillslope,no
560,394260,3975060,0,0,0,hillslope,no
561,394290,3975060,0,0,0,hillslope,no
562,394320,3975060,0,0,0,hillslope,no
563,394350,3975060,0,0,0,hillslope,no
564,394380,3975060,0,0,0,hillslope,no
565,394410,3975060,0,0,0,hillslope,no
566,394440,3975060,0,0,0,hillslope,no
567,394470,3975060,0,-0.00053586,0.00053586,hillslope,no
568,394500,3975060,0,-0.466906101,0.466906101,riparian,no
569,394530,3975060,0,-1.034479618,1.034479618,riparian,no
570,394560,3975060,0,-0.718255997,0.718255997,riparian,no
571,394590,3975060,0.782435536,-0.816413641,1.598849177,riparian,no
572,394620,3975060,1.920469284,-0.475432634,2.395901918,riparian,no
573,393870,3975090,0,0,0,hillslope,no
574,393900,3975090,0,0,0,hillslope,no
575,393930,3975090,0,0,0,hillslope,no
576,393960,3975090,0,0,0,hillslope,no
577,393990,3975090,0,0,0,hillslope,no
578,394020,3975090,0,0,0,hillslope,no
579,394050,3975090,0,0,0,hillslope,no
580,394080,3975090,0,0,0,hillslope,no
581,394110,3975090,0,0,0,hillslope,no
582,394140,3975090,0,0,0,hillslope,no
583,394170,3975090,0,0,0,hillslope,no
584,394200,3975090,0,0,0,hillslope,no
585,394230,3975090,0,0,0,hillslope,no
586,394260,3975090,0,0,0,hillslope,no
587,394290,3975090,0,0,0,hillslope,no
588,394320,3975090,0,0,0,hillslope,no
589,394350,3975090,0,0,0,hillslope,no
590,394380,3975090,0,0,0,hillslope,no
591,394410,3975090,0,0,0,hillslope,no
592,394440,3975090,0,0,0,hillslope,no
593,394470,3975090,0,0,0,hillslope,no
594,394500,3975090,0,-0.21343708,0.21343708,hillslope,no
595,394530,3975090,0,-0.739582121,0.739582121,riparian,no
596,394560,3975090,0,-0.567634881,0.567634881,riparian,no
597,394590,3975090,0.200867027,-0.894473434,1.09534049,riparian,no
598,394620,3975090,1.118290186,-0.592083335,1.710373521,riparian,no
599,393870,3975120,0,0,0,hillslope,no
600,393900,3975120,0,0,0,hillslope,no
601,393930,3975120,0,0,0,hillslope,no
602,393960,3975120,0,0,0,hillslope,no
603,393990,3975120,0,0,0,hillslope,no
604,394020,3975120,0,0,0,hillslope,no
605,394050,3975120,0,0,0,hillslope,no
606,394080,3975120,0,0,0,hillslope,no
607,394110,3975120,0,0,0,hillslope,no
608,394140,3975120,0,0,0,hillslope,no
609,394170,3975120,0,0,0,hillslope,no
610,394200,3975120,0,0,0,hillslope,no
611,394230,3975120,0,0,0,hillslope,no
612,394260,3975120,0,0,0,hillslope,no
613,394290,3975120,0,0,0,hillslope,no
614,394320,3975120,0,0,0,hillslope,no
615,394350,3975120,0,0,0,hillslope,no
616,394380,3975120,0,0,0,hillslope,no
617,394410,3975120,0,0,0,hillslope,no
618,394440,3975120,0,0,0,hillslope,no
619,394470,3975120,0,0,0,hillslope,no
620,394500,3975120,0,-0.09891019,0.09891019,hillslope,no
621,394530,3975120,0,-0.446907103,0.446907103,riparian,no
622,394560,3975120,0,-0.529225588,0.529225588,riparian,no
623,394590,3975120,0,-0.788468123,0.788468123,riparian,no
624,394620,3975120,0.702165663,-0.693704069,1.395869732,riparian,no
625,393870,3975150,0,0,0,hillslope,no
626,393900,3975150,0,0,0,hillslope,no
627,393930,3975150,0,0,0,hillslope,no
628,393960,3975150,0,0,0,hillslope,no
629,393990,3975150,0,0,0,hillslope,no
630,394020,3975150,0,0,0,hillslope,no
631,394050,3975150,0,0,0,hillslope,no
632,394080,3975150,0,0,0,hillslope,no
633,394110,3975150,0,0,0,hillslope,no
634,394140,3975150,0,0,0,hillslope,no
635,394170,3975150,0,0,0,hillslope,no
636,394200,3975150,0,0,0,hillslope,no
637,394230,3975150,0,0,0,hillslope,no
638,394260,3975150,0,0,0,hillslope,no
639,394290,3975150,0,0,0,hillslope,no
640,394320,3975150,0,0,0,hillslope,no
641,394350,3975150,0,0,0,hillslope,no
642,394380,3975150,0,0,0,hillslope,no
643,394410,3975150,0,0,0,hillslope,no
644,394440,3975150,0,0,0,hillslope,no
645,394470,3975150,0,0,0,hillslope,no
646,394500,3975150,0,-0.010890561,0.010890561,hillslope,no
647,394530,3975150,0,-0.253192157,0.253192157,hillslope,no
648,394560,3975150,0,-0.495549798,0.495549798,riparian,no
649,394590,3975150,0,-0.689816117,0.689816117,riparian,no
650,394620,3975150,0.364728063,-0.809388995,1.174117088,riparian,no